iter	MultiClass
0	1.208380953
1	1.133772662
2	1.092202835
3	1.073488393
4	1.058421043
5	1.047452228
6	1.03596067
7	1.027126951
8	1.022657217
9	1.022654503
